{
	"Debug": {},
	"Settings": {
		"autoTimeChoice": [
			0,
			0,
			1,
			2,
			3,
			4,
			0
		],
		"autoFormatChoice": 2,
		"colors": {
			"windowBackgroundColor": "000000",
			"windowControlColor": "000000",
			"textTipColor": "White",
			"buttonColor": "White",
			"textTimeColor": "Lime",
			"disCharging": "Red",
			"charging": "Green",
			"batteryBarBackgroundColor": "Gray"
		},
		"font": {
			"textFont": "Consolas"
		},
		"textOffset": {
			"x":0,
			"y":0
		}
	},
	"Times": [
		{
			"TimeName": "mBlack",
			"Times": [
				{
					"Name": "Before School",
					"Time_HH": "06",
					"Time_MM": "00"
				},
				{
					"Name": "Bus Time",
					"Time_HH": "07",
					"Time_MM": "36"
				},
				{
					"Name": "Passing",
					"Time_HH": "08",
					"Time_MM": "00"
				},
				{
					"Name": "Period 1",
					"Time_HH": "08",
					"Time_MM": "25"
				},
				{
					"Name": "Passing",
					"Time_HH": "09",
					"Time_MM": "51"
				},
				{
					"Name": "Period 3",
					"Time_HH": "09",
					"Time_MM": "57"
				},
				{
					"Name": "Passing",
					"Time_HH": "11",
					"Time_MM": "31"
				},
				{
					"Name": "Period 5_A",
					"Time_HH": "11",
					"Time_MM": "37"
				},
				{
					"Name": "Passing_AB",
					"Time_HH": "11",
					"Time_MM": "59"
				},
				{
					"Name": "Period 5_B",
					"Time_HH": "12",
					"Time_MM": "04"
				},
				{
					"Name": "Passing_BC",
					"Time_HH": "12",
					"Time_MM": "32"
				},
				{
					"Name": "Period 5_C",
					"Time_HH": "12",
					"Time_MM": "37"
				},
				{
					"Name": "Passing_CD",
					"Time_HH": "13",
					"Time_MM": "05"
				},
				{
					"Name": "Period 5_D",
					"Time_HH": "13",
					"Time_MM": "10"
				},
				{
					"Name": "Passing",
					"Time_HH": "13",
					"Time_MM": "38"
				},
				{
					"Name": "Period 7",
					"Time_HH": "13",
					"Time_MM": "44"
				},
				{
					"Name": "Bus Time",
					"Time_HH": "15",
					"Time_MM": "10"
				},
				{
					"Name": "Home Time",
					"Time_HH": "15",
					"Time_MM": "40"
				},
				{
					"Name": "Nighttime",
					"Time_HH": "20",
					"Time_MM": "00"
				}
			]
		},
		{
			"TimeName": "tGold",
			"Times": [
				{
					"Name": "Before School",
					"Time_HH": "06",
					"Time_MM": "00"
				},
				{
					"Name": "Bus Time",
					"Time_HH": "07",
					"Time_MM": "36"
				},
				{
					"Name": "Passing",
					"Time_HH": "08",
					"Time_MM": "00"
				},
				{
					"Name": "Period 2",
					"Time_HH": "08",
					"Time_MM": "25"
				},
				{
					"Name": "Passing",
					"Time_HH": "09",
					"Time_MM": "51"
				},
				{
					"Name": "SRT",
					"Time_HH": "09",
					"Time_MM": "57"
				},
				{
					"Name": "Passing",
					"Time_HH": "11",
					"Time_MM": "31"
				},
				{
					"Name": "Period 4_A",
					"Time_HH": "11",
					"Time_MM": "37"
				},
				{
					"Name": "Passing_AB",
					"Time_HH": "11",
					"Time_MM": "59"
				},
				{
					"Name": "Period 4_B",
					"Time_HH": "12",
					"Time_MM": "04"
				},
				{
					"Name": "Passing_BC",
					"Time_HH": "12",
					"Time_MM": "32"
				},
				{
					"Name": "Period 4_C",
					"Time_HH": "12",
					"Time_MM": "37"
				},
				{
					"Name": "Passing_CD",
					"Time_HH": "13",
					"Time_MM": "05"
				},
				{
					"Name": "Period 4_D",
					"Time_HH": "13",
					"Time_MM": "10"
				},
				{
					"Name": "Passing",
					"Time_HH": "13",
					"Time_MM": "38"
				},
				{
					"Name": "Period 6",
					"Time_HH": "13",
					"Time_MM": "44"
				},
				{
					"Name": "Bus Time",
					"Time_HH": "15",
					"Time_MM": "10"
				},
				{
					"Name": "Home Time",
					"Time_HH": "15",
					"Time_MM": "40"
				},
				{
					"Name": "Nighttime",
					"Time_HH": "20",
					"Time_MM": "00"
				}
			]
		},
		{
			"TimeName": "wA",
			"Times": [
				{
					"Name": "Before School",
					"Time_HH": "06",
					"Time_MM": "00"
				},
				{
					"Name": "Bus Time",
					"Time_HH": "07",
					"Time_MM": "36"
				},
				{
					"Name": "Passing",
					"Time_HH": "08",
					"Time_MM": "00"
				},
				{
					"Name": "Period 1",
					"Time_HH": "08",
					"Time_MM": "25"
				},
				{
					"Name": "Passing",
					"Time_HH": "09",
					"Time_MM": "33"
				},
				{
					"Name": "Period 2",
					"Time_HH": "09",
					"Time_MM": "39"
				},
				{
					"Name": "Passing",
					"Time_HH": "10",
					"Time_MM": "47"
				},
				{
					"Name": "Period 3_A",
					"Time_HH": "10",
					"Time_MM": "53"
				},
				{
					"Name": "Passing_AB",
					"Time_HH": "11",
					"Time_MM": "12"
				},
				{
					"Name": "Period 3_B",
					"Time_HH": "11",
					"Time_MM": "17"
				},
				{
					"Name": "Passing_BC",
					"Time_HH": "11",
					"Time_MM": "42"
				},
				{
					"Name": "Period 3_C",
					"Time_HH": "11",
					"Time_MM": "47"
				},
				{
					"Name": "Passing_CD",
					"Time_HH": "12",
					"Time_MM": "12"
				},
				{
					"Name": "Period 3_D",
					"Time_HH": "12",
					"Time_MM": "17"
				},
				{
					"Name": "Passing",
					"Time_HH": "12",
					"Time_MM": "42"
				},
				{
					"Name": "Period 5",
					"Time_HH": "12",
					"Time_MM": "48"
				},
				{
					"Name": "Passing",
					"Time_HH": "13",
					"Time_MM": "56"
				},
				{
					"Name": "Period 6",
					"Time_HH": "14",
					"Time_MM": "02"
				},
				{
					"Name": "Bus Time",
					"Time_HH": "15",
					"Time_MM": "10"
				},
				{
					"Name": "Home Time",
					"Time_HH": "15",
					"Time_MM": "40"
				},
				{
					"Name": "Nighttime",
					"Time_HH": "20",
					"Time_MM": "00"
				}
			]
		},
		{
			"TimeName": "hB",
			"Times": [
				{
					"Name": "Before School",
					"Time_HH": "06",
					"Time_MM": "00"
				},
				{
					"Name": "Bus Time",
					"Time_HH": "07",
					"Time_MM": "36"
				},
				{
					"Name": "Passing",
					"Time_HH": "08",
					"Time_MM": "00"
				},
				{
					"Name": "Period 2",
					"Time_HH": "08",
					"Time_MM": "25"
				},
				{
					"Name": "Passing",
					"Time_HH": "09",
					"Time_MM": "33"
				},
				{
					"Name": "SRT",
					"Time_HH": "09",
					"Time_MM": "39"
				},
				{
					"Name": "Passing",
					"Time_HH": "10",
					"Time_MM": "47"
				},
				{
					"Name": "Period 4_A",
					"Time_HH": "10",
					"Time_MM": "53"
				},
				{
					"Name": "Passing_AB",
					"Time_HH": "11",
					"Time_MM": "12"
				},
				{
					"Name": "Period 4_B",
					"Time_HH": "11",
					"Time_MM": "17"
				},
				{
					"Name": "Passing_BC",
					"Time_HH": "11",
					"Time_MM": "42"
				},
				{
					"Name": "Period 4_C",
					"Time_HH": "11",
					"Time_MM": "47"
				},
				{
					"Name": "Passing_CD",
					"Time_HH": "12",
					"Time_MM": "12"
				},
				{
					"Name": "Period 4_D",
					"Time_HH": "12",
					"Time_MM": "17"
				},
				{
					"Name": "Passing",
					"Time_HH": "12",
					"Time_MM": "42"
				},
				{
					"Name": "Period 6",
					"Time_HH": "12",
					"Time_MM": "48"
				},
				{
					"Name": "Passing",
					"Time_HH": "13",
					"Time_MM": "56"
				},
				{
					"Name": "Period 7",
					"Time_HH": "14",
					"Time_MM": "02"
				},
				{
					"Name": "Bus Time",
					"Time_HH": "15",
					"Time_MM": "10"
				},
				{
					"Name": "Home Time",
					"Time_HH": "15",
					"Time_MM": "40"
				},
				{
					"Name": "Nighttime",
					"Time_HH": "20",
					"Time_MM": "00"
				}
			]
		},
		{
			"TimeName": "fC",
			"Times": [
				{
					"Name": "Before School",
					"Time_HH": "06",
					"Time_MM": "00"
				},
				{
					"Name": "Bus Time",
					"Time_HH": "07",
					"Time_MM": "36"
				},
				{
					"Name": "Passing",
					"Time_HH": "08",
					"Time_MM": "00"
				},
				{
					"Name": "Period 1",
					"Time_HH": "08",
					"Time_MM": "25"
				},
				{
					"Name": "Passing",
					"Time_HH": "09",
					"Time_MM": "33"
				},
				{
					"Name": "Period 3",
					"Time_HH": "09",
					"Time_MM": "39"
				},
				{
					"Name": "Passing",
					"Time_HH": "10",
					"Time_MM": "47"
				},
				{
					"Name": "Period 4_A",
					"Time_HH": "10",
					"Time_MM": "53"
				},
				{
					"Name": "Passing_AB",
					"Time_HH": "11",
					"Time_MM": "12"
				},
				{
					"Name": "Period 4_B",
					"Time_HH": "11",
					"Time_MM": "17"
				},
				{
					"Name": "Passing_BC",
					"Time_HH": "11",
					"Time_MM": "42"
				},
				{
					"Name": "Period 4_C",
					"Time_HH": "11",
					"Time_MM": "47"
				},
				{
					"Name": "Passing_CD",
					"Time_HH": "12",
					"Time_MM": "12"
				},
				{
					"Name": "Period 4_D",
					"Time_HH": "12",
					"Time_MM": "17"
				},
				{
					"Name": "Passing",
					"Time_HH": "12",
					"Time_MM": "42"
				},
				{
					"Name": "Period 5",
					"Time_HH": "12",
					"Time_MM": "48"
				},
				{
					"Name": "Passing",
					"Time_HH": "13",
					"Time_MM": "56"
				},
				{
					"Name": "Period 7",
					"Time_HH": "14",
					"Time_MM": "02"
				},
				{
					"Name": "Bus Time",
					"Time_HH": "15",
					"Time_MM": "10"
				},
				{
					"Name": "Home Time",
					"Time_HH": "15",
					"Time_MM": "40"
				},
				{
					"Name": "Nighttime",
					"Time_HH": "20",
					"Time_MM": "00"
				}
			]
		}
	],
	"BatteryColoration": [
		{
			"R": 100,
			"L": 75,
			"c": "Blue"
		},
		{
			"R": 75,
			"L": 50,
			"c": "Lime"
		},
		{
			"R": 50,
			"L": 30,
			"c": "Green"
		},
		{
			"R": 30,
			"L": 20,
			"c": "Yellow"
		},
		{
			"R": 20,
			"L": 10,
			"c": "FF9900"
		},
		{
			"R": 10,
			"L": 0,
			"c": "Red"
		}
	]
}